{"name": "The people of Egypt", "conv": [{"index": 0, "text": "As Cleopatra continues to learn to drive, word of her lessons spreads throughout the kingdom. People begin to gather to watch her drive and cheer her on. What do the people of Egypt say?", "answers": [{"option": "We are inspired by Cleopatra's courage!", "goto": 1, "set_variable": "finished_part_3"}, {"option": "We are scared of the risks she is taking!", "goto": 2}]}, {"index": 1, "text": "Cleopatra is encouraged by the support and begins to understand the importance of her actions. She is determined to use her newfound skills to help the people of Egypt.", "answers": []}, {"index": 2, "text": "Cleopatra is undeterred by the people's fears and continues to learn to drive. She is determined to use her newfound skills to help the people of Egypt.", "answers": []}]}