{"name": "Cleopatra's advisor, Ptolemy", "conv": [{"index": 0, "text": "Ptolemy: Cleopatra, I'm so proud of you for taking this risk and inspiring the people of Egypt. You have done something truly remarkable.", "answers": [{"option": "Thank you, Ptolemy. I'm humbled by the experience.", "goto": 1, "set_variable": "finished_part_4"}]}, {"index": 1, "text": "Ptolemy: I know you will use your newfound skills to help the people of Egypt. You have my full support.", "answers": [{"option": "Thank you, Ptolemy. I won't let you down.", "goto": 2}]}, {"index": 2, "text": "Ptolemy: I'm sure you won't. Now, let's get you home. You must be exhausted.", "answers": [{"option": "Yes, I am. Let's go.", "goto": 3}]}, {"index": 3, "text": "Ptolemy: Alright, let's go."}]}