{"name": "The driving instructor, Antony", "conv": [{"index": 0, "text": "Hello Antony, I am Cleopatra. I am here for my driving lesson.", "answers": [{"option": "Hello Cleopatra, let's get started!", "goto": 1, "set_variable": "finished_part_1"}]}, {"index": 1, "text": "So, what do you want to learn first?", "answers": [{"option": "How to start the car", "goto": 2}, {"option": "How to steer the car", "goto": 3}]}, {"index": 2, "text": "Ok, let's start with how to start the car. First, you need to turn the key in the ignition.", "answers": [{"option": "Ok, I understand", "goto": 4}]}, {"index": 3, "text": "Ok, let's start with how to steer the car. First, you need to turn the wheel in the direction you want to go.", "answers": [{"option": "Ok, I understand", "goto": 4}]}, {"index": 4, "text": "Great! Let's move on to the next lesson. Do you want to learn how to shift gears or how to brake?", "answers": [{"option": "How to shift gears", "goto": 5}, {"option": "How to brake", "goto": 6}]}, {"index": 5, "text": "Ok, let's start with how to shift gears. First, you need to press the clutch and then move the gear stick to the desired gear.", "answers": [{"option": "Ok, I understand", "goto": 7}]}, {"index": 6, "text": "Ok, let's start with how to brake. First, you need to press the brake pedal to slow down the car.", "answers": [{"option": "Ok, I understand", "goto": 7}]}, {"index": 7, "text": "Great! You are doing really well. Do you want to practice what you have learned?", "answers": [{"option": "Yes, I want to practice", "goto": 8}, {"option": "No, I think I'm ready", "goto": 9}]}, {"index": 8, "text": "Ok, let's get out and practice what you have learned.", "answers": [{"option": "Ok, let's do it!", "goto": 10}]}, {"index": 9, "text": "Ok, let's move on to the next lesson.", "answers": [{"option": "Ok, let's do it!", "goto": 10}]}, {"index": 10, "text": "Great! You are doing really well. Let's continue with the next lesson.", "answers": []}]}