{"name": "Cleopatra's royal advisor, Ptolemy", "conv": [{"index": 0, "text": "Ptolemy: Cleopatra, what is this I hear about you wanting to learn how to drive a car?", "answers": [{"option": "Yes, I want to learn how to drive a car.", "goto": 1}, {"option": "No, I don't want to learn how to drive a car.", "goto": 2}]}, {"index": 1, "text": "Ptolemy: Are you sure? You are a royal, and it can be dangerous. Are you sure you want to do this?", "answers": [{"option": "Yes, I'm sure.", "goto": 3, "set_variable": "finished_part_0"}, {"option": "No, I'm not sure.", "goto": 2}]}, {"index": 2, "text": "Ptolemy: Alright, if you change your mind, let me know."}, {"index": 3, "text": "Ptolemy: Alright, I will help you find a teacher. Let's get started."}]}