{"name": "Cleopatra's brother, Ptolemy XIII", "conv": [{"index": 0, "text": "Ptolemy XIII is furious when he discovers that Cleopatra is learning to drive. He confronts her and demands that she stop, but Cleopatra refuses. What will she say?", "answers": [{"option": "I understand the people's struggles and driving can help me better serve them.", "goto": 1, "set_variable": "finished_part_2"}, {"option": "I'm just having fun, it's not a big deal.", "goto": 2}]}, {"index": 1, "text": "Ptolemy XIII is surprised by Cleopatra's response. He pauses for a moment before reluctantly agreeing to let her continue. 'Very well, but be careful.' he says.", "answers": [{"option": "Thank you!", "goto": 3}]}, {"index": 2, "text": "Ptolemy XIII is not convinced by Cleopatra's response. 'This is a serious matter. You must think of your status and the risks associated with this endeavor.' he says.", "answers": [{"option": "I understand. I'll be careful.", "goto": 1, "set_variable": "finished_part_2"}]}, {"index": 3, "text": "You are welcome. Now go and learn how to drive!"}]}