{"opening_message": "The story of how Cleopatra learned to drive a car", "scenes": [{"index": 0, "layout": "house_second_room", "theme": "garden", "npc": "Cleopatra's royal advisor, Ptolemy", "transitions": {"left": 1}}, {"index": 1, "layout": "road_to_house_entrance", "theme": "street", "npc": "The driving instructor, Antony", "transitions": {"right": 0, "left": 2, "down": 3}}, {"index": 2, "layout": "passage_up_right", "theme": "kitchen", "npc": "Cleopatra's brother, Ptolemy XIII", "transitions": {"right": 1, "up": 4}}, {"index": 3, "layout": "farm", "theme": "library", "npc": "The people of Egypt", "transitions": {"up": 1}}, {"index": 4, "layout": "passage_down_left", "theme": "space", "npc": "Cleopatra's advisor, Ptolemy", "transitions": {"down": 2}}]}