{"name": "A businessman", "conv": [{"index": 0, "text": "Hello, I'm a businessman and I'm interested in your work. Can you tell me more about it?", "answers": [{"option": "Yes, I can tell you more about it.", "goto": 1}, {"option": "No, I don't want to talk about it.", "goto": 2}]}, {"index": 1, "text": "I'm glad to hear that. Please explain your work and its implications.", "answers": [{"option": "My program can be used to generate realistic images from a set of parameters. It can be used for a variety of applications, from facial recognition to medical imaging.", "goto": 3, "set_variable": "finished_part_2"}]}, {"index": 2, "text": "I understand, but I'm still interested in learning more about your work. Please explain your work and its implications.", "answers": [{"option": "My program can be used to generate realistic images from a set of parameters. It can be used for a variety of applications, from facial recognition to medical imaging.", "goto": 3, "set_variable": "finished_part_2"}]}, {"index": 3, "text": "That's impressive! I'd like to fund your research in exchange for a share of the profits. What do you think?", "answers": [{"option": "Yes, I agree to your terms.", "goto": 4}, {"option": "No, I don't want to do that.", "goto": 5}]}, {"index": 4, "text": "Excellent! I'm delighted to hear that. I promise to keep your work confidential. Thank you for your time.", "answers": []}, {"index": 5, "text": "I understand. Please let me know if you change your mind. Thank you for your time.", "answers": []}]}