{"name": "A hacker", "conv": [{"index": 0, "text": "Hello, what are you doing here?", "answers": [{"option": "I'm here to hack your computer", "goto": 1}, {"option": "I'm just passing by", "goto": 2}]}, {"index": 1, "text": "What?! Why would you want to do that? I'm just a kid!", "answers": [{"option": "I want to steal your code for the Generative AI program", "goto": 3}, {"option": "I'm just messing with you", "goto": 4}]}, {"index": 2, "text": "Oh, okay. Well, have a nice day!", "answers": [{"option": "Thanks, you too!", "goto": 4}]}, {"index": 3, "text": "That's not cool! I worked really hard on that program. Please don't do it!", "answers": [{"option": "Okay, I won't do it", "goto": 5, "set_variable": "finished_part_3"}, {"option": "No, I'm going to do it", "goto": 6}]}, {"index": 4, "text": "Okay, bye!", "answers": []}, {"index": 5, "text": "Thank you! I appreciate it. Be more careful in the future!", "answers": []}, {"index": 6, "text": "Please don't do it! I worked really hard on this program and it could make a big difference in the world!", "answers": [{"option": "Okay, I won't do it", "goto": 5, "set_variable": "finished_part_3"}, {"option": "No, I'm still going to do it", "goto": 7}]}, {"index": 7, "text": "Please reconsider! I'm just a kid and I don't want to see my hard work go to waste!", "answers": [{"option": "Okay, I won't do it", "goto": 5, "set_variable": "finished_part_3"}]}]}