{"name": "A professor", "conv": [{"index": 0, "text": "Hello, I'm a professor from HUJI. I heard you won the Hackathon of Generative AI. Congratulations! Can you tell me more about your project?", "answers": [{"option": "Yes, of course!", "goto": 1}, {"option": "No, I'd rather not talk about it.", "goto": 2}]}, {"index": 1, "text": "That's great! So tell me, what did you do to win the hackathon?", "answers": [{"option": "I created a program that can generate realistic images from a set of parameters.", "goto": 3, "set_variable": "finished_part_1"}]}, {"index": 2, "text": "Oh, ok. Well, congratulations on your win anyway!", "answers": [{"option": "Thank you!", "goto": 4}]}, {"index": 3, "text": "That's incredible! What are the implications of your program?", "answers": [{"option": "My program can be used to create realistic images for a variety of applications, from facial recognition to medical imaging.", "goto": 4}]}, {"index": 4, "text": "Wow, that's amazing! I'm really impressed with your work. Keep up the good work and I'm sure you will go far!", "answers": [{"option": "Thank you!", "goto": 5}]}, {"index": 5, "text": "You're welcome! Good luck with your future endeavors!"}]}