{"name": "A reporter", "conv": [{"index": 0, "text": "Hello, I'm a reporter and I'm here to interview you about your win at the HUJI Hackathon of Generative AI. How did you manage to win?", "answers": [{"option": "I used a program to generate realistic images from a set of parameters.", "goto": 1, "set_variable": "finished_part_0"}, {"option": "I don't want to talk about it.", "goto": 2}]}, {"index": 1, "text": "That's amazing! What kind of implications does this have for the future?", "answers": [{"option": "It can be used for facial recognition, medical imaging, and more.", "goto": 3}]}, {"index": 2, "text": "I understand, but I'm sure your story would be inspiring to many. Are you sure you don't want to talk about it?", "answers": [{"option": "Yes, I'm sure.", "goto": 4}, {"option": "No, I'll talk about it.", "goto": 1, "set_variable": "finished_part_0"}]}, {"index": 3, "text": "That's incredible! Your work is truly inspiring. Thank you for your time, I wish you all the best in the future!", "answers": [{"option": "Thank you!", "goto": 4}]}, {"index": 4, "text": "It was a pleasure talking to you. Goodbye!"}]}