{"name": "A government official", "conv": [{"index": 0, "text": "Hello, I'm a government official. I'm interested in your work and would like to know more about it.", "answers": [{"option": "Tell me more about what you need", "goto": 1}, {"option": "I'm not interested", "goto": 4}]}, {"index": 1, "text": "We are interested in using your Generative AI program for military applications. We would like to keep the details confidential and offer you a fair compensation for your work. What do you think?", "answers": [{"option": "Yes, I'm interested", "goto": 2, "set_variable": "finished_part_4"}, {"option": "No, I'm not interested", "goto": 3}]}, {"index": 2, "text": "Excellent! We are glad to hear that you are interested. We will keep the details confidential and offer you a fair compensation for your work. Thank you for your cooperation.", "answers": [{"option": "You're welcome", "goto": 4}]}, {"index": 3, "text": "That's too bad. We are always looking for talented individuals like you. Please consider our offer if you change your mind.", "answers": [{"option": "I'll keep that in mind", "goto": 4}]}, {"index": 4, "text": "Thank you for your time. Have a nice day!"}]}