{"scenes": [{"index": 0, "layout": "road_from_down", "theme": "garden", "npc": "A reporter", "transitions": {"down": 1}}, {"index": 1, "layout": "passage_up_right", "theme": "Street", "npc": "A professor", "transitions": {"up": 0, "right": 2}}, {"index": 2, "layout": "house_entrance", "theme": "Library", "npc": "A businessman", "transitions": {"left": 1, "up": 3}}, {"index": 3, "layout": "bridges_up_down", "theme": "Kitchen", "npc": "A hacker", "transitions": {"down": 2, "up": 4}}, {"index": 4, "layout": "passage_up_down", "theme": "Space", "npc": "A government official", "transitions": {"down": 3}}], "opening_message": "Welcome to a world of mystical creation,\nWhere Generative AI is a revelation.\nA hackathon a win and great acclaim,\nNot knowing the outcome, what could be the same?\nA professor impressed, a businessman proud,\nTo create something worth so loud.\nNot just winning, but a step to it all,\nA hacker's warning, beware the fall.\nA government call, for military might,\nLiving in dreamworld, nocturnal fight.\nSo embark on an journey of silent bliss,\nAdventure awaits, and not to be missed."}
